{"cameraMode":{"drawMode":0,"name":"Shaded","section":"Shading Mode"},"sceneLighting":false,"audioPlay":false,"sceneViewState":{"showFog":true,"showMaterialUpdate":false,"showSkybox":true,"showFlares":true,"showImageEffects":true,"showParticleSystems":true},"in2DMode":false,"pivot":{"x":0.0000043655027184286159,"y":-0.0000019656522454170046,"z":-0.0018013196531683207},"rotation":{"x":-0.08717229962348938,"y":0.8995905518531799,"z":-0.21045254170894624,"w":-0.37262260913848879},"size":6.000082015991211,"orthographic":false}